variant,probe,auroc,auroc_ci_lo,auroc_ci_hi,macro_f1,balanced_acc,ece,mutual_info
A_full,logreg,0.8737327527609713,0.8704534571484253,0.8773285694766341,0.8160414732971213,0.8124957460118835,0.029602834901989315,0.031291479767717706
A_full,rf,0.8928166830267047,0.8896680389916576,0.8962105515415153,0.8249771277189802,0.821262642154323,0.05354581651314382,0.031291479767717706
A_full,gb,0.9000053892304501,0.8970267708241313,0.9033612863295433,0.8290448471431866,0.8248261117256859,0.011891766777938677,0.031291479767717706
B_no_total_sofa,logreg,0.8688640937420751,0.8654575028341405,0.8724493553359477,0.8108136317160269,0.8069975084050149,0.030065947803974608,0.025729136336296893
B_no_total_sofa,rf,0.893069046046861,0.8900133320602678,0.8963085562294474,0.8242515026073864,0.8217810241644601,0.1007926870273676,0.025729136336296893
B_no_total_sofa,gb,0.8995845542480951,0.8966399779565937,0.9029564486088919,0.8282671622951322,0.8240542819634,0.011894416767971289,0.025729136336296893
C_no_cardio_sofa,logreg,0.8443237979897641,0.8408727046678438,0.8479562480066302,0.7766977641768791,0.7764150614660756,0.03981897745551579,0.023060217800850043
C_no_cardio_sofa,rf,0.8544073489421996,0.8509375273088342,0.8586791839148491,0.7759669440288505,0.7795243544848952,0.08282860630977684,0.023060217800850043
C_no_cardio_sofa,gb,0.8846448132867171,0.8816502555664211,0.8878750279998718,0.8107893321989207,0.8085081985665679,0.03379846649782662,0.023060217800850043
D_treatment_decomposed,logreg,0.7320714263972594,0.726751549822478,0.7374297297291929,0.6674973312271253,0.6677906003406584,0.04539132140856919,0.01774697138950728
D_treatment_decomposed,rf,0.7789586504571795,0.7742376289761342,0.7838105413585434,0.7073979576771597,0.7078973275826411,0.053432486058927704,0.01774697138950728
D_treatment_decomposed,gb,0.791011371603379,0.7865093141153009,0.7956339766869824,0.7106300385433608,0.7090425020698299,0.013979049983615467,0.01774697138950728
E_physiology_only,logreg,0.7265218172230072,0.7210659908753392,0.7315937997265878,0.6630697260728793,0.6635064117362981,0.0460003812916668,0.0168981523955906
E_physiology_only,rf,0.7787483566861577,0.7740327970104229,0.7835977592935381,0.7042223085350969,0.7047014160800256,0.056725300443369396,0.0168981523955906
E_physiology_only,gb,0.7907641561232432,0.7864564155597783,0.7954449932847365,0.7105209591631712,0.7089422297793933,0.015252506114124473,0.0168981523955906
