variant,probe,auroc,auroc_ci_lo,auroc_ci_hi
A_full,logreg,0.7629757179376644,0.7520910297613804,0.7734396878998483
A_full,rf,0.7809558829969123,0.7693975496614112,0.7912551495051875
A_full,gb,0.7925389561038934,0.7818352891838641,0.8018533623862939
B_no_total_sofa,logreg,0.7625153386770154,0.7518257432968598,0.7728867935753718
B_no_total_sofa,rf,0.7816790511380057,0.769551630075466,0.7916563787332789
B_no_total_sofa,gb,0.7917490324834497,0.7811833574579352,0.8016911322498336
C_no_cardio_sofa,logreg,0.7625888086287783,0.7514106527341103,0.7727922280835132
C_no_cardio_sofa,rf,0.7767727423559623,0.7647928019263749,0.7864130791716559
C_no_cardio_sofa,gb,0.7871187469042877,0.7750668366657683,0.7970638185579251
D_treatment_decomposed,logreg,0.756343668106548,0.7450517076162333,0.7667991066755876
D_treatment_decomposed,rf,0.7735319146658675,0.7614838211790544,0.7828247741025662
D_treatment_decomposed,gb,0.7830306549724562,0.7710040704933523,0.7923100181109708
E_physiology_only,logreg,0.7566587130983786,0.7455256461731782,0.7673403018634696
E_physiology_only,rf,0.7739680877669124,0.7613631522956595,0.7828820573988424
E_physiology_only,gb,0.7854670840019423,0.774219213878675,0.7948054329648843
