branch,persistence,mean_run_bins,frac_on_at_tau,prevalence,A_auroc0,A_auroc8,A_delta,A_ci_lo,A_ci_hi,A_predA,E_auroc0,E_auroc8,E_delta,E_ci_lo,E_ci_hi,E_predA,indicator_auroc0,indicator_auroc8,indicator_delta,indicator_ci_lo,indicator_ci_hi,indicator_predA,A_minus_E_offset0
on,none,1.348,0.0,0.127,0.906,0.664,0.242,0.234,0.252,3/3,0.906,0.66,0.246,0.237,0.255,3/3,0.5,0.5,0.0,0.0,0.0,0/3,-0.0
on,short,4.375,0.282,0.352,0.844,0.666,0.178,0.17,0.185,3/3,0.718,0.656,0.062,0.055,0.069,0/3,0.891,0.59,0.301,0.295,0.307,3/3,0.133
on,realistic,6.391,0.407,0.461,0.848,0.673,0.176,0.169,0.183,3/3,0.687,0.648,0.039,0.032,0.046,0/3,0.929,0.631,0.298,0.292,0.304,3/3,0.174
on,long,8.685,0.525,0.567,0.854,0.682,0.172,0.166,0.179,3/3,0.669,0.639,0.03,0.024,0.037,0/3,0.951,0.669,0.282,0.276,0.288,3/3,0.205
on,very_long,10.904,0.62,0.653,0.859,0.703,0.156,0.149,0.162,3/3,0.654,0.642,0.012,0.005,0.019,0/3,0.964,0.705,0.258,0.252,0.265,3/3,0.23
off,none,1.348,0.0,0.127,0.906,0.66,0.246,0.237,0.255,3/3,0.906,0.66,0.246,0.237,0.255,3/3,0.5,0.5,0.0,0.0,0.0,0/3,-0.0
off,short,4.375,0.282,0.352,0.717,0.656,0.062,0.054,0.069,0/3,0.718,0.656,0.062,0.055,0.069,0/3,0.891,0.59,0.301,0.295,0.307,3/3,0.0
off,realistic,6.391,0.407,0.461,0.688,0.648,0.04,0.033,0.047,0/3,0.687,0.648,0.039,0.032,0.046,0/3,0.929,0.631,0.298,0.292,0.304,3/3,0.001
off,long,8.685,0.525,0.567,0.671,0.639,0.032,0.026,0.039,0/3,0.669,0.639,0.03,0.024,0.037,0/3,0.951,0.669,0.282,0.276,0.288,3/3,0.003
off,very_long,10.904,0.62,0.653,0.658,0.642,0.015,0.009,0.022,0/3,0.654,0.642,0.012,0.005,0.019,0/3,0.964,0.705,0.258,0.252,0.265,3/3,0.004
off_pure,none,1.512,0.0,0.141,0.911,0.666,0.245,0.236,0.254,3/3,0.911,0.666,0.245,0.236,0.254,3/3,0.5,0.5,0.0,0.0,0.0,0/3,-0.0
off_pure,short,4.697,0.293,0.366,0.756,0.664,0.093,0.085,0.1,0/3,0.757,0.664,0.093,0.086,0.1,0/3,0.888,0.591,0.297,0.291,0.303,3/3,0.0
off_pure,realistic,6.769,0.418,0.475,0.728,0.658,0.07,0.064,0.077,0/3,0.728,0.658,0.07,0.064,0.077,0/3,0.927,0.632,0.295,0.289,0.301,3/3,0.0
off_pure,long,9.056,0.534,0.577,0.711,0.65,0.061,0.055,0.067,0/3,0.711,0.65,0.061,0.055,0.067,0/3,0.95,0.669,0.281,0.275,0.287,3/3,0.0
off_pure,very_long,11.231,0.628,0.661,0.698,0.656,0.042,0.036,0.048,0/3,0.698,0.656,0.042,0.036,0.048,0/3,0.963,0.706,0.257,0.25,0.263,3/3,0.001
