branch,persistence,seed,mean_run_bins,frac_on_at_tau,prevalence,A_auroc0,A_auroc8,A_delta,A_ci_lo,A_ci_hi,A_predA,E_auroc0,E_auroc8,E_delta,E_ci_lo,E_ci_hi,E_predA,indicator_auroc0,indicator_auroc8,indicator_delta,indicator_ci_lo,indicator_ci_hi,indicator_predA,A_minus_E_offset0
on,none,0,1.3417,0.0,0.1262,0.9071,0.6671,0.24,0.2309,0.2489,True,0.9071,0.6635,0.2437,0.2348,0.2525,True,0.5,0.5,0.0,0.0,0.0,False,0.0
on,none,1,1.3472,0.0,0.1278,0.9057,0.6657,0.24,0.2311,0.2489,True,0.9058,0.662,0.2438,0.2348,0.2526,True,0.5,0.5,0.0,0.0,0.0,False,-0.0
on,none,2,1.3539,0.0,0.1279,0.9049,0.6577,0.2472,0.2385,0.2568,True,0.9049,0.6554,0.2495,0.2409,0.2588,True,0.5,0.5,0.0,0.0,0.0,False,0.0
on,short,0,4.3648,0.2827,0.3519,0.8429,0.668,0.1749,0.1674,0.1822,True,0.7156,0.6576,0.058,0.0506,0.0655,False,0.8927,0.5861,0.3066,0.3009,0.3127,True,0.1315
on,short,1,4.3354,0.2797,0.3496,0.8431,0.667,0.1762,0.1688,0.1834,True,0.7157,0.6562,0.0595,0.0522,0.0668,False,0.8889,0.5917,0.2972,0.2908,0.3037,True,0.134
on,short,2,4.424,0.2848,0.3545,0.8454,0.6638,0.1816,0.1742,0.189,True,0.7217,0.6536,0.0682,0.0608,0.0759,False,0.8911,0.5929,0.2982,0.2921,0.3044,True,0.132
on,realistic,0,6.4614,0.4117,0.4656,0.8506,0.6722,0.1784,0.172,0.185,True,0.6867,0.6459,0.0407,0.0337,0.0476,False,0.9292,0.631,0.2982,0.2926,0.3042,True,0.1759
on,realistic,1,6.3257,0.4028,0.457,0.8453,0.6735,0.1718,0.1649,0.1787,True,0.6859,0.6519,0.034,0.027,0.041,False,0.9281,0.6294,0.2987,0.2929,0.3044,True,0.1715
on,realistic,2,6.386,0.4079,0.4615,0.8494,0.6721,0.1773,0.1706,0.1839,True,0.6888,0.6461,0.0427,0.0362,0.0497,False,0.93,0.6321,0.298,0.292,0.3037,True,0.1744
on,long,0,8.695,0.5244,0.5656,0.8595,0.6846,0.175,0.169,0.1813,True,0.6719,0.64,0.0319,0.025,0.0384,False,0.951,0.6711,0.28,0.2742,0.2859,True,0.2064
on,long,1,8.7236,0.5278,0.5695,0.8507,0.6821,0.1686,0.1617,0.1755,True,0.6656,0.636,0.0296,0.0234,0.036,False,0.9512,0.6709,0.2803,0.2747,0.2862,True,0.2046
on,long,2,8.6375,0.5236,0.5655,0.8522,0.6785,0.1737,0.1671,0.1806,True,0.6693,0.6406,0.0288,0.0223,0.0354,False,0.9512,0.6649,0.2863,0.2805,0.2921,True,0.2039
on,very_long,0,10.888,0.6192,0.6516,0.862,0.7086,0.1534,0.1464,0.16,True,0.6572,0.6471,0.0101,0.0033,0.0166,False,0.9639,0.7084,0.2555,0.2494,0.2618,True,0.2282
on,very_long,1,10.949,0.6224,0.6552,0.8568,0.6978,0.159,0.1526,0.166,True,0.6529,0.638,0.0149,0.0083,0.0214,False,0.9633,0.7022,0.2611,0.2546,0.2678,True,0.2286
on,very_long,2,10.8761,0.6187,0.6515,0.859,0.7041,0.1549,0.1484,0.1615,True,0.6525,0.642,0.0105,0.0041,0.0175,False,0.9634,0.7051,0.2583,0.2519,0.2645,True,0.232
off,none,0,1.3417,0.0,0.1262,0.9071,0.6629,0.2442,0.2352,0.253,True,0.9071,0.6635,0.2437,0.2348,0.2525,True,0.5,0.5,0.0,0.0,0.0,False,0.0
off,none,1,1.3472,0.0,0.1278,0.9057,0.6618,0.2439,0.2349,0.2529,True,0.9058,0.662,0.2438,0.2348,0.2526,True,0.5,0.5,0.0,0.0,0.0,False,-0.0
off,none,2,1.3539,0.0,0.1279,0.9048,0.6552,0.2497,0.241,0.259,True,0.9049,0.6554,0.2495,0.2409,0.2588,True,0.5,0.5,0.0,0.0,0.0,False,-0.0
off,short,0,4.3648,0.2827,0.3519,0.7152,0.6577,0.0575,0.05,0.0651,False,0.7156,0.6576,0.058,0.0506,0.0655,False,0.8927,0.5861,0.3066,0.3009,0.3127,True,0.0004
off,short,1,4.3354,0.2797,0.3496,0.7152,0.6562,0.059,0.0518,0.0662,False,0.7157,0.6562,0.0595,0.0522,0.0668,False,0.8889,0.5917,0.2972,0.2908,0.3037,True,0.0004
off,short,2,4.424,0.2848,0.3545,0.7215,0.6535,0.068,0.0608,0.0757,False,0.7217,0.6536,0.0682,0.0608,0.0759,False,0.8911,0.5929,0.2982,0.2921,0.3044,True,0.0004
off,realistic,0,6.4614,0.4117,0.4656,0.6873,0.6459,0.0414,0.0345,0.0483,False,0.6867,0.6459,0.0407,0.0337,0.0476,False,0.9292,0.631,0.2982,0.2926,0.3042,True,0.0015
off,realistic,1,6.3257,0.4028,0.457,0.6866,0.6519,0.0347,0.0277,0.0418,False,0.6859,0.6519,0.034,0.027,0.041,False,0.9281,0.6294,0.2987,0.2929,0.3044,True,0.0014
off,realistic,2,6.386,0.4079,0.4615,0.6895,0.646,0.0435,0.037,0.0505,False,0.6888,0.6461,0.0427,0.0362,0.0497,False,0.93,0.6321,0.298,0.292,0.3037,True,0.0015
off,long,0,8.695,0.5244,0.5656,0.6734,0.6399,0.0335,0.0267,0.0401,False,0.6719,0.64,0.0319,0.025,0.0384,False,0.951,0.6711,0.28,0.2742,0.2859,True,0.0024
off,long,1,8.7236,0.5278,0.5695,0.6679,0.6358,0.0321,0.026,0.0385,False,0.6656,0.636,0.0296,0.0234,0.036,False,0.9512,0.6709,0.2803,0.2747,0.2862,True,0.0026
off,long,2,8.6375,0.5236,0.5655,0.6715,0.6405,0.031,0.0245,0.0376,False,0.6693,0.6406,0.0288,0.0223,0.0354,False,0.9512,0.6649,0.2863,0.2805,0.2921,True,0.0025
off,very_long,0,10.888,0.6192,0.6516,0.6596,0.647,0.0125,0.006,0.0191,False,0.6572,0.6471,0.0101,0.0033,0.0166,False,0.9639,0.7084,0.2555,0.2494,0.2618,True,0.0033
off,very_long,1,10.949,0.6224,0.6552,0.6563,0.638,0.0183,0.0117,0.0247,False,0.6529,0.638,0.0149,0.0083,0.0214,False,0.9633,0.7022,0.2611,0.2546,0.2678,True,0.0039
off,very_long,2,10.8761,0.6187,0.6515,0.6573,0.6419,0.0154,0.0091,0.0223,False,0.6525,0.642,0.0105,0.0041,0.0175,False,0.9634,0.7051,0.2583,0.2519,0.2645,True,0.0047
off_pure,none,0,1.5085,0.0,0.1401,0.9121,0.6701,0.242,0.233,0.2505,True,0.9121,0.6705,0.2416,0.2326,0.2502,True,0.5,0.5,0.0,0.0,0.0,False,-0.0
off_pure,none,1,1.5078,0.0,0.1413,0.9114,0.6674,0.244,0.2352,0.2529,True,0.9114,0.6676,0.2438,0.2351,0.2527,True,0.5,0.5,0.0,0.0,0.0,False,-0.0
off_pure,none,2,1.5198,0.0,0.1416,0.9104,0.6608,0.2496,0.241,0.259,True,0.9104,0.6609,0.2495,0.2409,0.2588,True,0.5,0.5,0.0,0.0,0.0,False,-0.0
off_pure,short,0,4.7027,0.2931,0.3666,0.7548,0.6648,0.09,0.0827,0.0974,False,0.755,0.6648,0.0902,0.0829,0.0975,False,0.8898,0.5875,0.3023,0.2965,0.3084,True,0.0
off_pure,short,1,4.6421,0.2892,0.3636,0.7544,0.665,0.0894,0.0821,0.0964,False,0.7547,0.6651,0.0897,0.0823,0.0967,False,0.8855,0.5911,0.2944,0.2877,0.3009,True,0.0
off_pure,short,2,4.7473,0.2953,0.3689,0.7597,0.6611,0.0986,0.0915,0.1062,False,0.76,0.6612,0.0988,0.0918,0.1064,False,0.8886,0.5941,0.2945,0.2884,0.3008,True,-0.0
off_pure,realistic,0,6.8254,0.422,0.4787,0.7283,0.6559,0.0724,0.0656,0.079,False,0.7282,0.656,0.0722,0.0655,0.0788,False,0.9271,0.632,0.2951,0.2893,0.3011,True,0.0004
off_pure,realistic,1,6.6912,0.4134,0.4704,0.7267,0.6619,0.0648,0.0581,0.0714,False,0.7272,0.662,0.0652,0.0585,0.0717,False,0.926,0.6306,0.2954,0.2895,0.3013,True,0.0001
off_pure,realistic,2,6.7902,0.4199,0.4762,0.7294,0.6559,0.0735,0.0673,0.0802,False,0.7295,0.656,0.0735,0.0673,0.0802,False,0.9282,0.6331,0.2951,0.2891,0.301,True,0.0002
off_pure,long,0,9.0378,0.5326,0.5752,0.7126,0.6503,0.0623,0.056,0.0685,False,0.7122,0.6504,0.0618,0.0555,0.0681,False,0.9501,0.6718,0.2784,0.2726,0.2841,True,0.0005
off_pure,long,1,9.0819,0.5368,0.58,0.7078,0.646,0.0618,0.056,0.0679,False,0.7079,0.6462,0.0617,0.0559,0.068,False,0.95,0.6704,0.2795,0.2737,0.2854,True,0.0004
off_pure,long,2,9.0479,0.5332,0.5764,0.7119,0.6527,0.0592,0.053,0.0658,False,0.7117,0.6527,0.0589,0.0527,0.0655,False,0.9502,0.6651,0.2851,0.2792,0.2911,True,0.0003
off_pure,very_long,0,11.2428,0.6274,0.6608,0.6999,0.6612,0.0387,0.0324,0.0448,False,0.6995,0.6612,0.0383,0.032,0.0444,False,0.9632,0.7096,0.2536,0.2473,0.26,True,0.0005
off_pure,very_long,1,11.2672,0.6296,0.6633,0.6972,0.651,0.0463,0.0404,0.0526,False,0.6971,0.6511,0.046,0.0401,0.0525,False,0.9626,0.7034,0.2592,0.2528,0.2657,True,0.0004
off_pure,very_long,2,11.1833,0.6257,0.6593,0.6977,0.6562,0.0415,0.0357,0.048,False,0.6972,0.6563,0.0409,0.0349,0.0473,False,0.9627,0.7059,0.2568,0.2503,0.2631,True,0.0007
